{
  "DukeMTMC_scene01": [
    {
      "step": 500,
      "metrics": {
        "mAP": 0.6361524724988875,
        "precision": 0.6861524724988876,
        "recall": 0.6161524724988875,
        "F1": 0.6561524724988875,
        "inference_time": 53.89915283854855
      }
    }
  ],
  "DukeMTMC_scene02": [
    {
      "step": 500,
      "metrics": {
        "mAP": 0.4255953823434789,
        "precision": 0.4755953823434789,
        "recall": 0.40559538234347886,
        "F1": 0.4455953823434789,
        "inference_time": 58.908061205182214
      }
    }
  ],
  "DukeMTMC_scene03": [
    {
      "step": 500,
      "metrics": {
        "mAP": 0.27498386263868313,
        "precision": 0.3249838626386831,
        "recall": 0.2549838626386831,
        "F1": 0.29498386263868315,
        "inference_time": 62.49922121184538
      }
    }
  ]
}